extension,batches,successful_batches,failed_batches,documents_ingested,megabytes_ingested,mebibytes_ingested,page_equivalents_ingested,total_seconds,mb_per_minute,mib_per_minute,pages_per_minute,documents_per_minute,median_batch_seconds
.md,1,1,0,5,1.274,1.215,5,78.205,0.977,0.932,3.836,3.836,78.205
.html,1,1,0,5,2.555,2.437,5,152.424,1.006,0.959,1.968,1.968,152.424
.json,1,1,0,5,2.554,2.435,5,166.401,0.921,0.878,1.803,1.803,166.401
.csv,1,1,0,5,12.785,12.193,5,965.696,0.794,0.758,0.311,0.311,965.696
.xlsx,1,1,0,5,6.203,5.916,5,1044.278,0.356,0.34,0.287,0.287,1044.278
.docx,1,1,0,5,5.901,5.628,5,64.154,5.519,5.264,4.676,4.676,64.154
.pptx,1,1,0,5,5.898,5.624,20,192.348,1.84,1.754,6.239,1.56,192.348
.pdf,5,5,0,5,21.15,20.17,50,38.355,33.085,31.553,78.217,7.822,8.069
.png,3,3,0,5,26.949,25.701,5,96.372,16.778,16.001,3.113,3.113,38.123
.jpg,3,3,0,5,5.841,5.571,5,66.28,5.288,5.043,4.526,4.526,24.114
